,Locus,Allele 1,Confidence,Allele 2,Confidence.1,precision,accession
0,DQA1,DQA1*01,,"hoz(""DQA1*01"")",,2digits,SRR14240794
1,DQB1,DQB1*05,,"hoz(""DQB1*02"")",,2digits,SRR14240794
2,DRB1,DRB1*01,0.04710501,DRB1*14,0.4555529,2digits,SRR14240794
3,DRA,DRA*01,,"hoz(""DRA*01"")",,2digits,SRR14240794
4,DPA1,DPA1*02,0.07561377,"hoz(""DPA1*01"")",0.0390104,2digits,SRR14240794
5,DPB1,DPB1*04,0.02034394,DPB1*10,1.739612e-05,2digits,SRR14240794
6,DQA1,no,,no,,4digits,SRR14240794
7,DQB1,no,,DQB1*05:01,,4digits,SRR14240794
8,DRB1,no,,DRB1*13:02',0.1855632,4digits,SRR14240794
9,DRA,no,,no,,4digits,SRR14240794
10,DPA1,no,,no,,4digits,SRR14240794
11,DPB1,no,,no,,4digits,SRR14240794
12,DQA1,DQA1*02,2.498002e-14,DQA1*05,0.42202,2digits,SRR14240748
13,DQB1,DQB1*02,,"hoz(""DQB1*02"")",,2digits,SRR14240748
14,DRB1,DRB1*07,0.01320668,DRB1*03,0.08947086,2digits,SRR14240748
15,DRA,DRA*01,,"hoz(""DRA*01"")",,2digits,SRR14240748
16,DPA1,DPA1*01,0.2078713,"hoz(""DPA1*01"")",,2digits,SRR14240748
17,DPB1,DPB1*03,0.01651071,DPB1*111,0.0,2digits,SRR14240748
18,DQA1,no,,DQA1*01:01',,4digits,SRR14240748
19,DQB1,no,,DQB1*03:03,0.3297271,4digits,SRR14240748
20,DRB1,no,,DRB1*07:01,0.3285789,4digits,SRR14240748
21,DRA,no,,no,,4digits,SRR14240748
22,DPA1,no,,no,,4digits,SRR14240748
23,DPB1,no,,no,,4digits,SRR14240748
24,DQA1,DQA1*01,,"hoz(""DQA1*01"")",,2digits,SRR14240780
25,DQB1,DQB1*06,,"hoz(""DQB1*02"")",,2digits,SRR14240780
26,DRB1,DRB1*15,0.0937068,DRB1*13,0.2693555,2digits,SRR14240780
27,DRA,DRA*01,,"hoz(""DRA*01"")",,2digits,SRR14240780
28,DPA1,DPA1*03,0.07423719,"hoz(""DPA1*02"")",0.0967978,2digits,SRR14240780
29,DPB1,DPB1*01,0.0001895625,DPB1*04,0.0001811569,2digits,SRR14240780
30,DQA1,no,,DQA1*05:01',0.42202,4digits,SRR14240780
31,DQB1,no,,DQB1*03:01',,4digits,SRR14240780
32,DRB1,no,,DRB1*11:01,0.08543933,4digits,SRR14240780
33,DRA,no,,no,,4digits,SRR14240780
34,DPA1,no,,no,,4digits,SRR14240780
35,DPB1,no,,no,,4digits,SRR14240780
36,DQA1,DQA1*01,0.42202,DQA1*05,0.42202,2digits,SRR14240768
37,DQB1,DQB1*06,0.0003731658,DQB1*03,,2digits,SRR14240768
38,DRB1,DRB1*15,0.05193231,DRB1*11,0.06617472,2digits,SRR14240768
39,DRA,DRA*01,,"hoz(""DRA*01"")",,2digits,SRR14240768
40,DPA1,DPA1*01,0.1328329,"hoz(""DPA1*01"")",,2digits,SRR14240768
41,DPB1,DPB1*02,0.0002301512,DPB1*03,0.01415726,2digits,SRR14240768
42,DQA1,no,,DQA1*05:01,0.42202,4digits,SRR14240768
43,DQB1,no,,DQB1*03:01',,4digits,SRR14240768
44,DRB1,no,,DRB1*11:03',0.1929223,4digits,SRR14240768
45,DRA,no,,no,,4digits,SRR14240768
46,DPA1,no,,no,,4digits,SRR14240768
47,DPB1,no,,DPB1*02:01',0.001520089,4digits,SRR14240768
48,DQA1,DQA1*02,7.92436e-09,DQA1*01,0.3290631,2digits,SRR14240760
49,DQB1,DQB1*06,5.157818e-10,"hoz(""DQB1*02"")",1.0,2digits,SRR14240760
50,DRB1,DRB1*07,0.06151953,DRB1*15,0.143162,2digits,SRR14240760
51,DRA,DRA*01,,"hoz(""DRA*01"")",,2digits,SRR14240760
52,DPA1,DPA1*02,0.1920418,"hoz(""DPA1*01"")",0.0234839,2digits,SRR14240760
53,DPB1,DPB1*04,9.146326e-05,DPB1*11,0.0003137897,2digits,SRR14240760
54,DQA1,no,,DQA1*01:02,,4digits,SRR14240760
55,DQB1,no,,DQB1*03:01',,4digits,SRR14240760
56,DRB1,no,,DRB1*16:01',0.2782723,4digits,SRR14240760
57,DRA,no,,no,,4digits,SRR14240760
58,DPA1,no,,no,,4digits,SRR14240760
59,DPB1,no,,DPB1*523:01,,4digits,SRR14240760
60,DQA1,DQA1*01,0.3651835,DQA1*05,0.42202,2digits,SRR14240740
61,DQB1,DQB1*05,,DQB1*02,,2digits,SRR14240740
62,DRB1,DRB1*01,1.884791e-06,DRB1*03,0.208348,2digits,SRR14240740
63,DRA,DRA*01,,"hoz(""DRA*01"")",,2digits,SRR14240740
64,DPA1,DPA1*01,0.1894583,"hoz(""DPA1*01"")",,2digits,SRR14240740
65,DPB1,DPB1*04,2.689111e-07,"hoz(""DPB1*01"")",,2digits,SRR14240740
66,DQA1,no,,no,,4digits,SRR14240740
67,DQB1,no,,DQB1*05:02,,4digits,SRR14240740
68,DRB1,no,,DRB1*15:01,0.1609487,4digits,SRR14240740
69,DRA,no,,no,,4digits,SRR14240740
70,DPA1,no,,no,,4digits,SRR14240740
71,DPB1,no,,DPB1*04:01,0.06855103,4digits,SRR14240740
72,DQA1,DQA1*06,0.2757827,DQA1*01,0.42202,2digits,SRR14240734
73,DQB1,DQB1*05,,DQB1*03,,2digits,SRR14240734
74,DRB1,DRB1*16,0.01556255,DRB1*12,0.1791677,2digits,SRR14240734
75,DRA,DRA*01,,"hoz(""DRA*01"")",,2digits,SRR14240734
76,DPA1,DPA1*01,0.01979835,"hoz(""DPA1*01"")",,2digits,SRR14240734
77,DPB1,DPB1*02,0.0001265728,DPB1*04,0.8977053,2digits,SRR14240734
78,DQA1,no,,DQA1*05:01,0.3368469,4digits,SRR14240734
79,DQB1,no,,no,,4digits,SRR14240734
80,DRB1,no,,DRB1*03:01,0.1205093,4digits,SRR14240734
81,DRA,no,,no,,4digits,SRR14240734
82,DPA1,no,,no,,4digits,SRR14240734
83,DPB1,no,,DPB1*04:01,0.3635747,4digits,SRR14240734
84,DQA1,DQA1*05,,"hoz(""DQA1*01"")",,2digits,SRR14240788
85,DQB1,DQB1*03,,"hoz(""DQB1*02"")",,2digits,SRR14240788
86,DRB1,DRB1*11,1.554312e-14,DRB1*03,,2digits,SRR14240788
87,DRA,DRA*01,,"hoz(""DRA*01"")",,2digits,SRR14240788
88,DPA1,DPA1*01,0.0002360205,"hoz(""DPA1*01"")",,2digits,SRR14240788
89,DPB1,DPB1*04,8.29772e-06,"hoz(""DPB1*01"")",,2digits,SRR14240788
90,DQA1,no,,DQA1*01:03',,4digits,SRR14240788
91,DQB1,no,,DQB1*03:02',,4digits,SRR14240788
92,DRB1,no,,DRB1*15:02',0.2140934,4digits,SRR14240788
93,DRA,no,,no,,4digits,SRR14240788
94,DPA1,no,,no,,4digits,SRR14240788
95,DPB1,no,,DPB1*255:01,,4digits,SRR14240788
96,DQA1,DQA1*05,0.3905579,DQA1*01,,2digits,SRR14240754
97,DQB1,DQB1*05,,DQB1*02,,2digits,SRR14240754
98,DRB1,DRB1*01,0.01235659,DRB1*03,0.259014,2digits,SRR14240754
99,DRA,DRA*01,,"hoz(""DRA*01"")",,2digits,SRR14240754
100,DPA1,DPA1*02,0.08965653,"hoz(""DPA1*01"")",0.0230510999999999,2digits,SRR14240754
101,DPB1,DPB1*03,0.001789047,DPB1*04,0.00879934,2digits,SRR14240754
102,DQA1,no,,DQA1*05:01,,4digits,SRR14240754
103,DQB1,no,,DQB1*03:01',,4digits,SRR14240754
104,DRB1,no,,DRB1*13:23',0.3024774,4digits,SRR14240754
105,DRA,no,,no,,4digits,SRR14240754
106,DPA1,no,,no,,4digits,SRR14240754
107,DPB1,no,,DPB1*04:02,0.9881276,4digits,SRR14240754
108,DQA1,DQA1*01,,"hoz(""DQA1*01"")",,2digits,SRR14240774
109,DQB1,DQB1*06,1.366824e-06,"hoz(""DQB1*05"")",1.0,2digits,SRR14240774
110,DRB1,DRB1*14,0.4099319,DRB1*15,0.1825365,2digits,SRR14240774
111,DRA,DRA*01,,"hoz(""DRA*01"")",,2digits,SRR14240774
112,DPA1,DPA1*01,0.185359,"hoz(""DPA1*01"")",,2digits,SRR14240774
113,DPB1,DPB1*04,0.00021655,DPB1*02,0.9999939,2digits,SRR14240774
114,DQA1,no,,DQA1*06:01,0.42202,4digits,SRR14240774
115,DQB1,no,,DQB1*03:01',,4digits,SRR14240774
116,DRB1,no,,DRB1*12:02,0.175613,4digits,SRR14240774
117,DRA,no,,no,,4digits,SRR14240774
118,DPA1,no,,no,,4digits,SRR14240774
119,DPB1,no,,DPB1*02:01',4.475335e-05,4digits,SRR14240774
120,DQA1,DQA1*03,,"hoz(""DQA1*01"")",,2digits,SRR14240761
121,DQB1,DQB1*03,,"hoz(""DQB1*02"")",,2digits,SRR14240761
122,DRB1,DRB1*04,,"hoz(""DRB1*01"")",,2digits,SRR14240761
123,DRA,DRA*01,,"hoz(""DRA*01"")",,2digits,SRR14240761
124,DPA1,DPA1*01,0.0,"hoz(""DPA1*01"")",,2digits,SRR14240761
125,DPB1,DPB1*03,0.0003626961,"hoz(""DPB1*01"")",,2digits,SRR14240761
126,DQA1,no,,DQA1*02:01,,4digits,SRR14240761
127,DQB1,no,,DQB1*02:01',,4digits,SRR14240761
128,DRB1,no,,DRB1*04:08',0.0800311,4digits,SRR14240761
129,DRA,no,,no,,4digits,SRR14240761
130,DPA1,no,,no,,4digits,SRR14240761
131,DPB1,no,,no,,4digits,SRR14240761
132,DQA1,DQA1*01,,"hoz(""DQA1*01"")",,2digits,SRR14240741
133,DQB1,DQB1*06,0.001799344,"hoz(""DQB1*05"")",1.0,2digits,SRR14240741
134,DRB1,DRB1*16,0.01660639,DRB1*15,0.4259756,2digits,SRR14240741
135,DRA,DRA*01,,"hoz(""DRA*01"")",,2digits,SRR14240741
136,DPA1,DPA1*01,0.3082604,"hoz(""DPA1*01"")",,2digits,SRR14240741
137,DPB1,DPB1*04,0.0001192905,"hoz(""DPB1*01"")",,2digits,SRR14240741
138,DQA1,no,,DQA1*05:01',,4digits,SRR14240741
139,DQB1,no,,DQB1*03:01',,4digits,SRR14240741
140,DRB1,no,,DRB1*11:01,0.1266853,4digits,SRR14240741
141,DRA,no,,no,,4digits,SRR14240741
142,DPA1,no,,no,,4digits,SRR14240741
143,DPB1,no,,DPB1*04:01,0.008825376,4digits,SRR14240741
144,DQA1,DQA1*05,,"hoz(""DQA1*01"")",,2digits,SRR14240789
145,DQB1,DQB1*03,,"hoz(""DQB1*02"")",,2digits,SRR14240789
146,DRB1,DRB1*11,0.3236511,DRB1*08,0.3360672,2digits,SRR14240789
147,DRA,DRA*01,,"hoz(""DRA*01"")",,2digits,SRR14240789
148,DPA1,DPA1*01,0.42202,"hoz(""DPA1*02"")",0.0233136999999999,2digits,SRR14240789
149,DPB1,DPB1*39,7.529245e-05,DPB1*04,0.0804274,2digits,SRR14240789
150,DQA1,no,,no,,4digits,SRR14240789
151,DQB1,no,,no,,4digits,SRR14240789
152,DRB1,no,,DRB1*14:103,,4digits,SRR14240789
153,DRA,no,,no,,4digits,SRR14240789
154,DPA1,no,,no,,4digits,SRR14240789
155,DPB1,no,,DPB1*14:01,0.01978763,4digits,SRR14240789
156,DQA1,DQA1*01,0.0004404512,DQA1*05,0.2547051,2digits,SRR14240735
157,DQB1,DQB1*05,,DQB1*03,,2digits,SRR14240735
158,DRB1,DRB1*14,0.07268456,DRB1*11,0.134445,2digits,SRR14240735
159,DRA,DRA*01,,"hoz(""DRA*01"")",,2digits,SRR14240735
160,DPA1,DPA1*02,0.0,"hoz(""DPA1*01"")",0.0223902999999999,2digits,SRR14240735
161,DPB1,DPB1*02,4.480885e-05,DPB1*05,0.04457501,2digits,SRR14240735
162,DQA1,no,,DQA1*01:03',0.42202,4digits,SRR14240735
163,DQB1,no,,DQB1*02:01',,4digits,SRR14240735
164,DRB1,no,,DRB1*13:01',0.1442258,4digits,SRR14240735
165,DRA,no,,no,,4digits,SRR14240735
166,DPA1,no,,no,,4digits,SRR14240735
167,DPB1,no,,DPB1*02:01,0.003301576,4digits,SRR14240735
168,DQA1,DQA1*03,,DQA1*02,,2digits,SRR14240755
169,DQB1,DQB1*02,0.05953131,DQB1*03,0.3291414,2digits,SRR14240755
170,DRB1,DRB1*04,0.0192189,DRB1*07,0.243078,2digits,SRR14240755
171,DRA,DRA*01,,"hoz(""DRA*01"")",,2digits,SRR14240755
172,DPA1,DPA1*02,0.186956,"hoz(""DPA1*01"")",0.0227798,2digits,SRR14240755
173,DPB1,DPB1*04,6.00026e-05,DPB1*17,1.473287e-05,2digits,SRR14240755
174,DQA1,no,,DQA1*01:01',0.42202,4digits,SRR14240755
175,DQB1,no,,DQB1*03:02',,4digits,SRR14240755
176,DRB1,no,,DRB1*15:01,0.3069285,4digits,SRR14240755
177,DRA,no,,no,,4digits,SRR14240755
178,DPA1,no,,no,,4digits,SRR14240755
179,DPB1,no,,DPB1*523:01,,4digits,SRR14240755
180,DQA1,DQA1*01,0.0,"hoz(""DQA1*01"")",,2digits,SRR14240775
181,DQB1,DQB1*06,0.0,"hoz(""DQB1*05"")",1.0,2digits,SRR14240775
182,DRB1,DRB1*01,6.426829e-08,DRB1*13,0.1946114,2digits,SRR14240775
183,DRA,DRA*01,,"hoz(""DRA*01"")",,2digits,SRR14240775
184,DPA1,DPA1*01,7.430982e-07,"hoz(""DPA1*01"")",,2digits,SRR14240775
185,DPB1,DPB1*03,0.02692499,DPB1*04,0.09222527,2digits,SRR14240775
186,DQA1,no,,no,,4digits,SRR14240775
187,DQB1,no,,DQB1*05:02,,4digits,SRR14240775
188,DRB1,no,,DRB1*11:01',0.2031377,4digits,SRR14240775
189,DRA,no,,no,,4digits,SRR14240775
190,DPA1,no,,no,,4digits,SRR14240775
191,DPB1,no,,DPB1*17:01,1.156082e-05,4digits,SRR14240775
192,DQA1,DQA1*01,0.009499225,DQA1*05,0.42202,2digits,SRR14240795
193,DQB1,DQB1*06,0.01247021,DQB1*03,,2digits,SRR14240795
194,DRB1,DRB1*12,0.008581975,DRB1*15,0.144895,2digits,SRR14240795
195,DRA,DRA*01,,"hoz(""DRA*01"")",,2digits,SRR14240795
196,DPA1,DPA1*01,0.144147,"hoz(""DPA1*01"")",,2digits,SRR14240795
197,DPB1,DPB1*04,0.0001503218,DPB1*02,0.999906,2digits,SRR14240795
198,DQA1,no,,no,,4digits,SRR14240795
199,DQB1,no,,DQB1*02:01',,4digits,SRR14240795
200,DRB1,no,,DRB1*14:103,,4digits,SRR14240795
201,DRA,no,,no,,4digits,SRR14240795
202,DPA1,no,,no,,4digits,SRR14240795
203,DPB1,no,,DPB1*04:01,0.1602848,4digits,SRR14240795
204,DQA1,DQA1*01,0.05783925,DQA1*05,0.42202,2digits,SRR14240749
205,DQB1,DQB1*05,,DQB1*03,,2digits,SRR14240749
206,DRB1,DRB1*01,0.0006365691,DRB1*11,0.2862107,2digits,SRR14240749
207,DRA,DRA*01,,"hoz(""DRA*01"")",,2digits,SRR14240749
208,DPA1,DPA1*02,0.009053102,"hoz(""DPA1*01"")",,2digits,SRR14240749
209,DPB1,DPB1*27,0.003727552,DPB1*05,0.1371591,2digits,SRR14240749
210,DQA1,no,,no,,4digits,SRR14240749
211,DQB1,no,,DQB1*05:03,,4digits,SRR14240749
212,DRB1,no,,DRB1*15:01,0.2637082,4digits,SRR14240749
213,DRA,no,,no,,4digits,SRR14240749
214,DPA1,no,,no,,4digits,SRR14240749
215,DPB1,no,,DPB1*02:01,0.0008544676,4digits,SRR14240749
216,DQA1,DQA1*01,,DQA1*05,,2digits,SRR14240781
217,DQB1,DQB1*05,,DQB1*02,,2digits,SRR14240781
218,DRB1,DRB1*01,0.0,DRB1*03,0.263003,2digits,SRR14240781
219,DRA,DRA*01,,"hoz(""DRA*01"")",,2digits,SRR14240781
220,DPA1,DPA1*01,0.0004069106,"hoz(""DPA1*01"")",,2digits,SRR14240781
221,DPB1,DPB1*04,8.991683e-06,"hoz(""DPB1*01"")",,2digits,SRR14240781
222,DQA1,no,,DQA1*05:01',,4digits,SRR14240781
223,DQB1,no,,DQB1*03:01',,4digits,SRR14240781
224,DRB1,no,,DRB1*11:01',0.1392993,4digits,SRR14240781
225,DRA,no,,no,,4digits,SRR14240781
226,DPA1,no,,no,,4digits,SRR14240781
227,DPB1,no,,no,,4digits,SRR14240781
228,DQA1,DQA1*01,0.003533123,DQA1*05,0.42202,2digits,SRR14240769
229,DQB1,DQB1*05,,DQB1*03,,2digits,SRR14240769
230,DRB1,DRB1*01,0.0,DRB1*11,0.106751,2digits,SRR14240769
231,DRA,DRA*01,,"hoz(""DRA*01"")",,2digits,SRR14240769
232,DPA1,DPA1*02,0.1927802,"hoz(""DPA1*01"")",0.022935,2digits,SRR14240769
233,DPB1,DPB1*03,0.02555404,DPB1*04,0.01557551,2digits,SRR14240769
234,DQA1,no,,DQA1*05:01',0.3441407,4digits,SRR14240769
235,DQB1,no,,DQB1*03:01',,4digits,SRR14240769
236,DRB1,no,,no,,4digits,SRR14240769
237,DRA,no,,no,,4digits,SRR14240769
238,DPA1,no,,no,,4digits,SRR14240769
239,DPB1,no,,DPB1*131:01,0.0006694168,4digits,SRR14240769
240,DQA1,DQA1*01,0.1011786,DQA1*05,0.42202,2digits,SRR14240763
241,DQB1,DQB1*05,,DQB1*03,,2digits,SRR14240763
242,DRB1,DRB1*12,0.2752967,DRB1*11,0.3502472,2digits,SRR14240763
243,DRA,DRA*01,,"hoz(""DRA*01"")",,2digits,SRR14240763
244,DPA1,DPA1*03,0.2460094,"hoz(""DPA1*01"")",,2digits,SRR14240763
245,DPB1,DPB1*04,0.001163966,"hoz(""DPB1*01"")",,2digits,SRR14240763
246,DQA1,no,,no,,4digits,SRR14240763
247,DQB1,no,,no,,4digits,SRR14240763
248,DRB1,no,,DRB1*13:26,0.0,4digits,SRR14240763
249,DRA,no,,no,,4digits,SRR14240763
250,DPA1,no,,no,,4digits,SRR14240763
251,DPB1,no,,no,,4digits,SRR14240763
252,DQA1,DQA1*01,,"hoz(""DQA1*01"")",,2digits,SRR14240737
253,DQB1,DQB1*06,5.660038e-06,"hoz(""DQB1*05"")",1.0,2digits,SRR14240737
254,DRB1,DRB1*01,1.940096e-05,DRB1*15,0.2251702,2digits,SRR14240737
255,DRA,DRA*01,,"hoz(""DRA*01"")",,2digits,SRR14240737
256,DPA1,DPA1*01,0.3100471,"hoz(""DPA1*01"")",,2digits,SRR14240737
257,DPB1,DPB1*04,0.01583372,"hoz(""DPB1*01"")",,2digits,SRR14240737
258,DQA1,no,,DQA1*05:01',,4digits,SRR14240737
259,DQB1,no,,DQB1*03:01',,4digits,SRR14240737
260,DRB1,no,,DRB1*11:02',0.3401926,4digits,SRR14240737
261,DRA,no,,no,,4digits,SRR14240737
262,DPA1,no,,no,,4digits,SRR14240737
263,DPB1,no,,DPB1*307:01,,4digits,SRR14240737
264,DQA1,DQA1*02,0.02465947,DQA1*05,,2digits,SRR14240743
265,DQB1,DQB1*02,,"hoz(""DQB1*02"")",,2digits,SRR14240743
266,DRB1,DRB1*07,0.004301987,DRB1*03,0.1935685,2digits,SRR14240743
267,DRA,DRA*01,,"hoz(""DRA*01"")",,2digits,SRR14240743
268,DPA1,DPA1*01,0.0,"hoz(""DPA1*01"")",,2digits,SRR14240743
269,DPB1,DPB1*13,0.0001621046,DPB1*02,0.0002266282,2digits,SRR14240743
270,DQA1,no,,DQA1*01:02,,4digits,SRR14240743
271,DQB1,no,,DQB1*03:02',,4digits,SRR14240743
272,DRB1,no,,DRB1*15:01,0.2813426,4digits,SRR14240743
273,DRA,no,,no,,4digits,SRR14240743
274,DPA1,no,,no,,4digits,SRR14240743
275,DPB1,no,,DPB1*02:01,0.9980327,4digits,SRR14240743
276,DQA1,DQA1*03,,DQA1*02,,2digits,SRR14240757
277,DQB1,DQB1*03,0.06490332,DQB1*02,,2digits,SRR14240757
278,DRB1,DRB1*04,0.1431308,DRB1*07,0.42202,2digits,SRR14240757
279,DRA,DRA*01,,"hoz(""DRA*01"")",,2digits,SRR14240757
280,DPA1,DPA1*01,0.42202,"hoz(""DPA1*02"")",0.0348709,2digits,SRR14240757
281,DPB1,DPB1*04,0.003556358,DPB1*05,0.8370866,2digits,SRR14240757
282,DQA1,no,,no,,4digits,SRR14240757
283,DQB1,no,,no,,4digits,SRR14240757
284,DRB1,no,,no,,4digits,SRR14240757
285,DRA,no,,no,,4digits,SRR14240757
286,DPA1,no,,no,,4digits,SRR14240757
287,DPB1,no,,no,,4digits,SRR14240757
288,DQA1,DQA1*03,0.0,DQA1*01,,2digits,SRR14240777
289,DQB1,DQB1*03,0.0,DQB1*06,,2digits,SRR14240777
290,DRB1,DRB1*04,8.666257e-06,DRB1*03,0.3735236,2digits,SRR14240777
291,DRA,DRA*01,,"hoz(""DRA*01"")",,2digits,SRR14240777
292,DPA1,DPA1*01,0.09651188,"hoz(""DPA1*01"")",,2digits,SRR14240777
293,DPB1,DPB1*04,2.294851e-06,"hoz(""DPB1*02"")",1.0,2digits,SRR14240777
294,DQA1,no,,no,,4digits,SRR14240777
295,DQB1,no,,DQB1*03:01',,4digits,SRR14240777
296,DRB1,no,,DRB1*13:05,0.4611508,4digits,SRR14240777
297,DRA,no,,no,,4digits,SRR14240777
298,DPA1,no,,no,,4digits,SRR14240777
299,DPB1,no,,DPB1*03:01,0.06687932,4digits,SRR14240777
300,DQA1,DQA1*01,0.2243612,DQA1*05,0.42202,2digits,SRR14240797
301,DQB1,DQB1*05,,DQB1*03,,2digits,SRR14240797
302,DRB1,DRB1*01,0.0,DRB1*11,0.1317363,2digits,SRR14240797
303,DRA,DRA*01,,"hoz(""DRA*01"")",,2digits,SRR14240797
304,DPA1,DPA1*01,0.02430671,"hoz(""DPA1*01"")",,2digits,SRR14240797
305,DPB1,DPB1*04,6.995476e-05,"hoz(""DPB1*01"")",,2digits,SRR14240797
306,DQA1,no,,DQA1*01:01',,4digits,SRR14240797
307,DQB1,no,,DQB1*03:01,,4digits,SRR14240797
308,DRB1,no,,DRB1*11:04',0.08468278,4digits,SRR14240797
309,DRA,no,,no,,4digits,SRR14240797
310,DPA1,no,,no,,4digits,SRR14240797
311,DPB1,no,,no,,4digits,SRR14240797
312,DQA1,DQA1*03,0.1065339,DQA1*02,,2digits,SRR14240783
313,DQB1,DQB1*03,7.790705e-07,DQB1*02,,2digits,SRR14240783
314,DRB1,DRB1*07,0.01502809,DRB1*04,0.1191123,2digits,SRR14240783
315,DRA,DRA*01,,"hoz(""DRA*01"")",,2digits,SRR14240783
316,DPA1,DPA1*01,0.2962458,"hoz(""DPA1*01"")",,2digits,SRR14240783
317,DPB1,DPB1*04,0.0001120465,"hoz(""DPB1*01"")",,2digits,SRR14240783
318,DQA1,no,,no,,4digits,SRR14240783
319,DQB1,no,,no,,4digits,SRR14240783
320,DRB1,no,,DRB1*13:01',0.2130467,4digits,SRR14240783
321,DRA,no,,no,,4digits,SRR14240783
322,DPA1,no,,no,,4digits,SRR14240783
323,DPB1,no,,DPB1*02:01,0.9999938,4digits,SRR14240783
324,DQA1,DQA1*02,0.06582369,DQA1*01,,2digits,SRR14240796
325,DQB1,DQB1*06,1.561133e-08,"hoz(""DQB1*02"")",1.0,2digits,SRR14240796
326,DRB1,DRB1*07,3.900426e-06,DRB1*15,0.07739649,2digits,SRR14240796
327,DRA,DRA*01,,"hoz(""DRA*01"")",,2digits,SRR14240796
328,DPA1,DPA1*02,0.1453964,"hoz(""DPA1*01"")",0.0231736999999999,2digits,SRR14240796
329,DPB1,DPB1*11,0.0006739295,DPB1*04,0.006235992,2digits,SRR14240796
330,DQA1,no,,no,,4digits,SRR14240796
331,DQB1,no,,DQB1*05:03,,4digits,SRR14240796
332,DRB1,no,,DRB1*15:02',0.09115166,4digits,SRR14240796
333,DRA,no,,no,,4digits,SRR14240796
334,DPA1,no,,no,,4digits,SRR14240796
335,DPB1,no,,DPB1*02:01,0.05613066,4digits,SRR14240796
336,DQA1,DQA1*01,,DQA1*05,,2digits,SRR14240782
337,DQB1,DQB1*05,,"hoz(""DQB1*02"")",,2digits,SRR14240782
338,DRB1,DRB1*01,0.0,DRB1*11,0.1459778,2digits,SRR14240782
339,DRA,DRA*01,,"hoz(""DRA*01"")",,2digits,SRR14240782
340,DPA1,DPA1*02,0.1724224,"hoz(""DPA1*01"")",0.0231607,2digits,SRR14240782
341,DPB1,DPB1*11,0.0001560167,DPB1*04,0.01176004,2digits,SRR14240782
342,DQA1,no,,DQA1*04:01,0.6143455,4digits,SRR14240782
343,DQB1,no,,DQB1*04:02',,4digits,SRR14240782
344,DRB1,no,,DRB1*08:01',0.2675137,4digits,SRR14240782
345,DRA,no,,no,,4digits,SRR14240782
346,DPA1,no,,no,,4digits,SRR14240782
347,DPB1,no,,no,,4digits,SRR14240782
348,DQA1,DQA1*01,0.0003087324,DQA1*05,0.3313282,2digits,SRR14240762
349,DQB1,DQB1*05,,DQB1*02,,2digits,SRR14240762
350,DRB1,DRB1*01,0.0,DRB1*03,0.2002504,2digits,SRR14240762
351,DRA,DRA*01,,"hoz(""DRA*01"")",,2digits,SRR14240762
352,DPA1,DPA1*02,0.2262457,"hoz(""DPA1*01"")",0.0235522999999999,2digits,SRR14240762
353,DPB1,DPB1*131,0.001170097,DPB1*04,0.01413519,2digits,SRR14240762
354,DQA1,no,,DQA1*05:01',,4digits,SRR14240762
355,DQB1,no,,no,,4digits,SRR14240762
356,DRB1,no,,DRB1*11:02',0.3635983,4digits,SRR14240762
357,DRA,no,,no,,4digits,SRR14240762
358,DPA1,no,,no,,4digits,SRR14240762
359,DPB1,no,,DPB1*03:01,0.06251586,4digits,SRR14240762
360,DQA1,DQA1*01,,"hoz(""DQA1*01"")",,2digits,SRR14240736
361,DQB1,DQB1*05,,"hoz(""DQB1*02"")",,2digits,SRR14240736
362,DRB1,DRB1*10,0.0,"hoz(""DRB1*01"")",,2digits,SRR14240736
363,DRA,DRA*01,,"hoz(""DRA*01"")",,2digits,SRR14240736
364,DPA1,DPA1*01,0.08268249,"hoz(""DPA1*01"")",,2digits,SRR14240736
365,DPB1,DPB1*02,0.0001502879,DPB1*04,0.9998842,2digits,SRR14240736
366,DQA1,no,,DQA1*01:01',0.42202,4digits,SRR14240736
367,DQB1,no,,DQB1*02:01',,4digits,SRR14240736
368,DRB1,no,,DRB1*01:01,0.1731518,4digits,SRR14240736
369,DRA,no,,no,,4digits,SRR14240736
370,DPA1,no,,no,,4digits,SRR14240736
371,DPB1,no,,DPB1*10:01,0.001510641,4digits,SRR14240736
372,DQA1,DQA1*01,,"hoz(""DQA1*01"")",,2digits,SRR14240742
373,DQB1,DQB1*06,8.90843e-12,DQB1*05,,2digits,SRR14240742
374,DRB1,DRB1*13,0.06320701,DRB1*15,0.2669641,2digits,SRR14240742
375,DRA,DRA*01,,"hoz(""DRA*01"")",,2digits,SRR14240742
376,DPA1,DPA1*01,0.02306185,"hoz(""DPA1*01"")",,2digits,SRR14240742
377,DPB1,DPB1*03,0.002701183,DPB1*02,0.0002433987,2digits,SRR14240742
378,DQA1,no,,DQA1*05:01,0.42202,4digits,SRR14240742
379,DQB1,no,,no,,4digits,SRR14240742
380,DRB1,no,,DRB1*13:01',0.2483878,4digits,SRR14240742
381,DRA,no,,no,,4digits,SRR14240742
382,DPA1,no,,no,,4digits,SRR14240742
383,DPB1,no,,DPB1*02:01',0.0004392307,4digits,SRR14240742
384,DQA1,DQA1*03,,DQA1*01,,2digits,SRR14240756
385,DQB1,DQB1*05,,DQB1*03,,2digits,SRR14240756
386,DRB1,DRB1*01,4.51873e-09,DRB1*13,0.2105704,2digits,SRR14240756
387,DRA,DRA*01,,"hoz(""DRA*01"")",,2digits,SRR14240756
388,DPA1,DPA1*01,2.855494e-09,"hoz(""DPA1*01"")",,2digits,SRR14240756
389,DPB1,DPB1*04,6.921162e-05,DPB1*18,0.2741609,2digits,SRR14240756
390,DQA1,no,,DQA1*01:02,0.42202,4digits,SRR14240756
391,DQB1,no,,DQB1*03:02',0.3291414,4digits,SRR14240756
392,DRB1,no,,DRB1*16:01',0.1890883,4digits,SRR14240756
393,DRA,no,,no,,4digits,SRR14240756
394,DPA1,no,,no,,4digits,SRR14240756
395,DPB1,no,,DPB1*10:01,1.428162e-06,4digits,SRR14240756
396,DQA1,DQA1*05,0.0358396,DQA1*01,,2digits,SRR14240776
397,DQB1,DQB1*06,4.962697e-14,"hoz(""DQB1*02"")",1.0,2digits,SRR14240776
398,DRB1,DRB1*03,0.05476831,DRB1*15,0.3020882,2digits,SRR14240776
399,DRA,DRA*01,,"hoz(""DRA*01"")",,2digits,SRR14240776
400,DPA1,DPA1*01,0.204269,"hoz(""DPA1*01"")",,2digits,SRR14240776
401,DPB1,DPB1*04,2.528111e-05,DPB1*02,0.02341341,2digits,SRR14240776
402,DQA1,no,,DQA1*02:01,,4digits,SRR14240776
403,DQB1,no,,DQB1*03:01',,4digits,SRR14240776
404,DRB1,no,,DRB1*04:01',0.05308332,4digits,SRR14240776
405,DRA,no,,no,,4digits,SRR14240776
406,DPA1,no,,no,,4digits,SRR14240776
407,DPB1,no,,DPB1*04:01,0.5851335,4digits,SRR14240776
408,DQA1,DQA1*05,,DQA1*01,,2digits,SRR14240747
409,DQB1,DQB1*06,0.009785336,DQB1*03,,2digits,SRR14240747
410,DRB1,DRB1*15,0.01898827,DRB1*11,0.08213205,2digits,SRR14240747
411,DRA,DRA*01,,"hoz(""DRA*01"")",,2digits,SRR14240747
412,DPA1,DPA1*01,0.008869216,"hoz(""DPA1*01"")",,2digits,SRR14240747
413,DPB1,DPB1*04,0.03756952,"hoz(""DPB1*01"")",,2digits,SRR14240747
414,DQA1,no,,DQA1*01:02,0.3293804,4digits,SRR14240747
415,DQB1,no,,no,,4digits,SRR14240747
416,DRB1,no,,DRB1*15:03',0.1265592,4digits,SRR14240747
417,DRA,no,,no,,4digits,SRR14240747
418,DPA1,no,,no,,4digits,SRR14240747
419,DPB1,no,,DPB1*04:01,0.8302546,4digits,SRR14240747
420,DQA1,DQA1*05,2.553666e-06,"hoz(""DQA1*01"")",,2digits,SRR14240733
421,DQB1,DQB1*02,,DQB1*03,,2digits,SRR14240733
422,DRB1,DRB1*03,0.1573838,DRB1*13,0.4611508,2digits,SRR14240733
423,DRA,DRA*01,,"hoz(""DRA*01"")",,2digits,SRR14240733
424,DPA1,DPA1*01,0.3100471,"hoz(""DPA1*01"")",,2digits,SRR14240733
425,DPB1,DPB1*18,3.492721e-06,DPB1*03,0.06687932,2digits,SRR14240733
426,DQA1,no,,DQA1*01:01',,4digits,SRR14240733
427,DQB1,no,,DQB1*06:02',,4digits,SRR14240733
428,DRB1,no,,DRB1*03:01',0.3735236,4digits,SRR14240733
429,DRA,no,,no,,4digits,SRR14240733
430,DPA1,no,,no,,4digits,SRR14240733
431,DPB1,no,,no,,4digits,SRR14240733
432,DQA1,DQA1*05,3.617906e-10,"hoz(""DQA1*01"")",,2digits,SRR14240767
433,DQB1,DQB1*02,,"hoz(""DQB1*02"")",,2digits,SRR14240767
434,DRB1,DRB1*03,0.0001055443,"hoz(""DRB1*01"")",,2digits,SRR14240767
435,DRA,DRA*01,,"hoz(""DRA*01"")",,2digits,SRR14240767
436,DPA1,DPA1*01,0.001738562,"hoz(""DPA1*01"")",,2digits,SRR14240767
437,DPB1,DPB1*02,0.0004582646,"hoz(""DPB1*01"")",,2digits,SRR14240767
438,DQA1,no,,DQA1*02:01,,4digits,SRR14240767
439,DQB1,no,,DQB1*02:01',,4digits,SRR14240767
440,DRB1,no,,DRB1*07:01,0.42202,4digits,SRR14240767
441,DRA,no,,no,,4digits,SRR14240767
442,DPA1,no,,no,,4digits,SRR14240767
443,DPB1,no,,DPB1*05:01,0.8370866,4digits,SRR14240767
444,DQA1,DQA1*03,4.6807e-13,DQA1*01,,2digits,SRR14240773
445,DQB1,DQB1*06,0.00280524,DQB1*03,,2digits,SRR14240773
446,DRB1,DRB1*04,0.005550509,DRB1*15,0.2813426,2digits,SRR14240773
447,DRA,DRA*01,,"hoz(""DRA*01"")",,2digits,SRR14240773
448,DPA1,DPA1*01,4.400494e-07,"hoz(""DPA1*01"")",,2digits,SRR14240773
449,DPB1,DPB1*04,0.0002014732,DPB1*02,0.9980327,2digits,SRR14240773
450,DQA1,no,,DQA1*05:01,,4digits,SRR14240773
451,DQB1,no,,no,,4digits,SRR14240773
452,DRB1,no,,DRB1*03:01,0.1935685,4digits,SRR14240773
453,DRA,no,,no,,4digits,SRR14240773
454,DPA1,no,,no,,4digits,SRR14240773
455,DPB1,no,,DPB1*02:02,0.0002266282,4digits,SRR14240773
456,DQA1,DQA1*03,5.406145e-08,DQA1*05,,2digits,SRR14240753
457,DQB1,DQB1*02,,DQB1*03,,2digits,SRR14240753
458,DRB1,DRB1*09,0.0006483408,DRB1*11,0.3401926,2digits,SRR14240753
459,DRA,DRA*01,,"hoz(""DRA*01"")",,2digits,SRR14240753
460,DPA1,DPA1*03,0.2446128,"hoz(""DPA1*01"")",,2digits,SRR14240753
461,DPB1,DPB1*04,8.17892e-06,DPB1*307,,2digits,SRR14240753
462,DQA1,no,,no,,4digits,SRR14240753
463,DQB1,no,,no,,4digits,SRR14240753
464,DRB1,no,,DRB1*15:01,0.2251702,4digits,SRR14240753
465,DRA,no,,no,,4digits,SRR14240753
466,DPA1,no,,no,,4digits,SRR14240753
467,DPB1,no,,no,,4digits,SRR14240753
468,DQA1,DQA1*01,,"hoz(""DQA1*01"")",,2digits,SRR14240793
469,DQB1,DQB1*06,3.761436e-13,DQB1*05,,2digits,SRR14240793
470,DRB1,DRB1*13,0.01431445,DRB1*15,0.09115166,2digits,SRR14240793
471,DRA,DRA*01,,"hoz(""DRA*01"")",,2digits,SRR14240793
472,DPA1,DPA1*02,0.3271935,"hoz(""DPA1*01"")",0.0235659999999999,2digits,SRR14240793
473,DPB1,DPB1*39,0.009416269,DPB1*02,0.05613066,2digits,SRR14240793
474,DQA1,no,,DQA1*05:01,0.42202,4digits,SRR14240793
475,DQB1,no,,DQB1*03:01',,4digits,SRR14240793
476,DRB1,no,,DRB1*11:02',0.3502472,4digits,SRR14240793
477,DRA,no,,no,,4digits,SRR14240793
478,DPA1,no,,no,,4digits,SRR14240793
479,DPB1,no,,no,,4digits,SRR14240793
480,DQA1,DQA1*01,,"hoz(""DQA1*01"")",,2digits,SRR14240787
481,DQB1,DQB1*06,0.0,"hoz(""DQB1*05"")",1.0,2digits,SRR14240787
482,DRB1,DRB1*01,1.272595e-08,DRB1*13,0.2130467,2digits,SRR14240787
483,DRA,DRA*01,,"hoz(""DRA*01"")",,2digits,SRR14240787
484,DPA1,DPA1*01,0.0249867,"hoz(""DPA1*01"")",,2digits,SRR14240787
485,DPB1,DPB1*04,0.0001937723,DPB1*02,0.9999938,2digits,SRR14240787
486,DQA1,no,,DQA1*02:01,,4digits,SRR14240787
487,DQB1,no,,DQB1*02:01',,4digits,SRR14240787
488,DRB1,no,,DRB1*04:01',0.1191123,4digits,SRR14240787
489,DRA,no,,no,,4digits,SRR14240787
490,DPA1,no,,no,,4digits,SRR14240787
491,DPB1,no,,no,,4digits,SRR14240787
492,DQA1,DQA1*03,6.121614e-11,DQA1*05,,2digits,SRR14240792
493,DQB1,DQB1*03,,"hoz(""DQB1*02"")",,2digits,SRR14240792
494,DRB1,DRB1*04,0.0002593373,DRB1*11,0.3198584,2digits,SRR14240792
495,DRA,DRA*01,,"hoz(""DRA*01"")",,2digits,SRR14240792
496,DPA1,DPA1*01,0.0,"hoz(""DPA1*01"")",,2digits,SRR14240792
497,DPB1,DPB1*02,0.007521897,DPB1*03,0.06251586,2digits,SRR14240792
498,DQA1,no,,DQA1*05:01,0.42202,4digits,SRR14240792
499,DQB1,no,,DQB1*03:01',,4digits,SRR14240792
500,DRB1,no,,DRB1*11:04',0.1317363,4digits,SRR14240792
501,DRA,no,,no,,4digits,SRR14240792
502,DPA1,no,,no,,4digits,SRR14240792
503,DPB1,no,,no,,4digits,SRR14240792
504,DQA1,DQA1*03,0.006487115,DQA1*04,0.6143455,2digits,SRR14240786
505,DQB1,DQB1*03,0.4089766,DQB1*04,,2digits,SRR14240786
506,DRB1,DRB1*04,0.0004095302,DRB1*08,0.2675137,2digits,SRR14240786
507,DRA,DRA*01,,"hoz(""DRA*01"")",,2digits,SRR14240786
508,DPA1,DPA1*01,0.0009671945,"hoz(""DPA1*01"")",,2digits,SRR14240786
509,DPB1,DPB1*02,0.0002327653,"hoz(""DPB1*01"")",,2digits,SRR14240786
510,DQA1,no,,DQA1*05:01',,4digits,SRR14240786
511,DQB1,no,,no,,4digits,SRR14240786
512,DRB1,no,,DRB1*11:01',0.1459778,4digits,SRR14240786
513,DRA,no,,no,,4digits,SRR14240786
514,DPA1,no,,no,,4digits,SRR14240786
515,DPB1,no,,DPB1*04:01,0.01176004,4digits,SRR14240786
516,DQA1,DQA1*02,0.0003076388,DQA1*01,0.3293804,2digits,SRR14240746
517,DQB1,DQB1*06,3.041999e-07,"hoz(""DQB1*02"")",1.0,2digits,SRR14240746
518,DRB1,DRB1*07,8.992571e-06,DRB1*15,0.1265592,2digits,SRR14240746
519,DRA,DRA*01,,"hoz(""DRA*01"")",,2digits,SRR14240746
520,DPA1,DPA1*01,0.2061621,"hoz(""DPA1*01"")",,2digits,SRR14240746
521,DPB1,DPB1*02,1.752475e-05,DPB1*04,0.8302546,2digits,SRR14240746
522,DQA1,no,,DQA1*01:02,,4digits,SRR14240746
523,DQB1,no,,no,,4digits,SRR14240746
524,DRB1,no,,DRB1*15:01,0.07739649,4digits,SRR14240746
525,DRA,no,,no,,4digits,SRR14240746
526,DPA1,no,,no,,4digits,SRR14240746
527,DPB1,no,,DPB1*04:01,0.006235992,4digits,SRR14240746
528,DQA1,DQA1*03,,DQA1*02,,2digits,SRR14240732
529,DQB1,DQB1*02,,DQB1*03,,2digits,SRR14240732
530,DRB1,DRB1*07,0.01017282,DRB1*04,0.05308332,2digits,SRR14240732
531,DRA,DRA*01,,"hoz(""DRA*01"")",,2digits,SRR14240732
532,DPA1,DPA1*01,0.1243165,"hoz(""DPA1*01"")",,2digits,SRR14240732
533,DPB1,DPB1*02,1.937033e-05,DPB1*04,0.5851335,2digits,SRR14240732
534,DQA1,no,,DQA1*01:01',,4digits,SRR14240732
535,DQB1,no,,no,,4digits,SRR14240732
536,DRB1,no,,DRB1*15:01,0.3020882,4digits,SRR14240732
537,DRA,no,,no,,4digits,SRR14240732
538,DPA1,no,,no,,4digits,SRR14240732
539,DPB1,no,,DPB1*02:02,0.02341341,4digits,SRR14240732
540,DQA1,DQA1*03,8.252661e-09,DQA1*01,0.42202,2digits,SRR14240766
541,DQB1,DQB1*05,0.01676624,DQB1*03,0.3291414,2digits,SRR14240766
542,DRB1,DRB1*04,1.800065e-05,DRB1*16,0.1890883,2digits,SRR14240766
543,DRA,DRA*01,,"hoz(""DRA*01"")",,2digits,SRR14240766
544,DPA1,DPA1*02,0.1734144,"hoz(""DPA1*01"")",0.0233541999999999,2digits,SRR14240766
545,DPB1,DPB1*04,0.01413446,DPB1*10,1.428162e-06,2digits,SRR14240766
546,DQA1,no,,DQA1*01:02,,4digits,SRR14240766
547,DQB1,no,,DQB1*03:01',,4digits,SRR14240766
548,DRB1,no,,DRB1*13:01',0.2105704,4digits,SRR14240766
549,DRA,no,,no,,4digits,SRR14240766
550,DPA1,no,,no,,4digits,SRR14240766
551,DPB1,no,,DPB1*18:01,0.2741609,4digits,SRR14240766
552,DQA1,DQA1*01,0.02791212,DQA1*05,0.42202,2digits,SRR14240772
553,DQB1,DQB1*06,9.812858e-07,"hoz(""DQB1*02"")",1.0,2digits,SRR14240772
554,DRB1,DRB1*03,0.02150076,DRB1*13,0.2483878,2digits,SRR14240772
555,DRA,DRA*01,,"hoz(""DRA*01"")",,2digits,SRR14240772
556,DPA1,DPA1*01,0.2243612,"hoz(""DPA1*01"")",,2digits,SRR14240772
557,DPB1,DPB1*03,0.002782574,DPB1*02,0.0004392307,2digits,SRR14240772
558,DQA1,no,,no,,4digits,SRR14240772
559,DQB1,no,,DQB1*05:01,,4digits,SRR14240772
560,DRB1,no,,DRB1*15:01,0.2669641,4digits,SRR14240772
561,DRA,no,,no,,4digits,SRR14240772
562,DPA1,no,,no,,4digits,SRR14240772
563,DPB1,no,,DPB1*02:01',0.0002433987,4digits,SRR14240772
564,DQA1,DQA1*02,0.0005932101,DQA1*01,0.42202,2digits,SRR14240752
565,DQB1,DQB1*05,,DQB1*02,,2digits,SRR14240752
566,DRB1,DRB1*07,0.01187862,DRB1*01,0.1731518,2digits,SRR14240752
567,DRA,DRA*01,,"hoz(""DRA*01"")",,2digits,SRR14240752
568,DPA1,DPA1*02,0.1187245,"hoz(""DPA1*01"")",0.0226807999999999,2digits,SRR14240752
569,DPB1,DPB1*02,0.002413451,DPB1*10,0.001510641,2digits,SRR14240752
570,DQA1,no,,no,,4digits,SRR14240752
571,DQB1,no,,no,,4digits,SRR14240752
572,DRB1,no,,no,,4digits,SRR14240752
573,DRA,no,,no,,4digits,SRR14240752
574,DPA1,no,,no,,4digits,SRR14240752
575,DPB1,no,,DPB1*04:02,0.9998842,4digits,SRR14240752
576,DQA1,DQA1*06,0.01833728,DQA1*01,,2digits,SRR14240790
577,DQB1,DQB1*05,,DQB1*03,,2digits,SRR14240790
578,DRB1,DRB1*08,0.1852079,DRB1*16,0.2782723,2digits,SRR14240790
579,DRA,DRA*01,,"hoz(""DRA*01"")",,2digits,SRR14240790
580,DPA1,DPA1*01,0.007925698,"hoz(""DPA1*01"")",,2digits,SRR14240790
581,DPB1,DPB1*04,0.01594616,DPB1*523,,2digits,SRR14240790
582,DQA1,no,,DQA1*05:01,0.3313282,4digits,SRR14240790
583,DQB1,no,,DQB1*02:01',,4digits,SRR14240790
584,DRB1,no,,DRB1*03:01,0.2002504,4digits,SRR14240790
585,DRA,no,,no,,4digits,SRR14240790
586,DPA1,no,,no,,4digits,SRR14240790
587,DPB1,no,,DPB1*04:01,0.01413519,4digits,SRR14240790
588,DQA1,DQA1*01,0.1663275,DQA1*05,0.42202,2digits,SRR14240758
589,DQB1,DQB1*06,0.01311893,DQB1*03,,2digits,SRR14240758
590,DRB1,DRB1*15,0.1286882,DRB1*11,0.1929223,2digits,SRR14240758
591,DRA,DRA*01,,"hoz(""DRA*01"")",,2digits,SRR14240758
592,DPA1,DPA1*01,0.001738562,"hoz(""DPA1*01"")",,2digits,SRR14240758
593,DPB1,DPB1*03,0.0001622347,DPB1*02,0.001520089,2digits,SRR14240758
594,DQA1,no,,DQA1*05:01,0.42202,4digits,SRR14240758
595,DQB1,no,,DQB1*03:01',,4digits,SRR14240758
596,DRB1,no,,DRB1*11:01,0.06617472,4digits,SRR14240758
597,DRA,no,,no,,4digits,SRR14240758
598,DPA1,no,,no,,4digits,SRR14240758
599,DPB1,no,,DPB1*03:01,0.01415726,4digits,SRR14240758
600,DQA1,DQA1*01,0.2243612,DQA1*05,0.42202,2digits,SRR14240778
601,DQB1,DQB1*06,0.0005193985,DQB1*03,,2digits,SRR14240778
602,DRB1,DRB1*15,0.04452047,DRB1*11,0.08543933,2digits,SRR14240778
603,DRA,DRA*01,,"hoz(""DRA*01"")",,2digits,SRR14240778
604,DPA1,DPA1*01,0.1271097,"hoz(""DPA1*01"")",,2digits,SRR14240778
605,DPB1,DPB1*04,0.004612758,"hoz(""DPB1*01"")",,2digits,SRR14240778
606,DQA1,no,,no,,4digits,SRR14240778
607,DQB1,no,,no,,4digits,SRR14240778
608,DRB1,no,,DRB1*13:01',0.2693555,4digits,SRR14240778
609,DRA,no,,no,,4digits,SRR14240778
610,DPA1,no,,no,,4digits,SRR14240778
611,DPB1,no,,DPB1*04:02,0.0001811569,4digits,SRR14240778
612,DQA1,DQA1*01,,"hoz(""DQA1*01"")",,2digits,SRR14240738
613,DQB1,DQB1*06,3.889876e-07,DQB1*05,,2digits,SRR14240738
614,DRB1,DRB1*01,6.504545e-06,DRB1*13,0.1855632,2digits,SRR14240738
615,DRA,DRA*01,,"hoz(""DRA*01"")",,2digits,SRR14240738
616,DPA1,DPA1*01,0.0765607,"hoz(""DPA1*01"")",,2digits,SRR14240738
617,DPB1,DPB1*04,0.00686423,"hoz(""DPB1*01"")",,2digits,SRR14240738
618,DQA1,no,,DQA1*05:01,0.42202,4digits,SRR14240738
619,DQB1,no,,no,,4digits,SRR14240738
620,DRB1,no,,DRB1*03:01,0.1691411,4digits,SRR14240738
621,DRA,no,,no,,4digits,SRR14240738
622,DPA1,no,,no,,4digits,SRR14240738
623,DPB1,no,,DPB1*111:01,0.0,4digits,SRR14240738
624,DQA1,DQA1*02,0.06108231,DQA1*01,,2digits,SRR14240784
625,DQB1,DQB1*05,3.816265e-09,DQB1*03,0.3297271,2digits,SRR14240784
626,DRB1,DRB1*14,0.2310803,DRB1*07,0.3285789,2digits,SRR14240784
627,DRA,DRA*01,,"hoz(""DRA*01"")",,2digits,SRR14240784
628,DPA1,DPA1*01,0.02329164,"hoz(""DPA1*01"")",,2digits,SRR14240784
629,DPB1,DPB1*04,2.283533e-06,"hoz(""DPB1*01"")",,2digits,SRR14240784
630,DQA1,no,,no,,4digits,SRR14240784
631,DQB1,no,,no,,4digits,SRR14240784
632,DRB1,no,,DRB1*14:01',0.4555529,4digits,SRR14240784
633,DRA,no,,no,,4digits,SRR14240784
634,DPA1,no,,no,,4digits,SRR14240784
635,DPB1,no,,DPB1*10:01,1.739612e-05,4digits,SRR14240784
636,DQA1,DQA1*03,,DQA1*02,,2digits,SRR14240730
637,DQB1,DQB1*03,0.06525629,DQB1*02,,2digits,SRR14240730
638,DRB1,DRB1*07,0.01468412,DRB1*04,0.0800311,2digits,SRR14240730
639,DRA,DRA*01,,"hoz(""DRA*01"")",,2digits,SRR14240730
640,DPA1,DPA1*01,0.1626568,"hoz(""DPA1*01"")",,2digits,SRR14240730
641,DPB1,DPB1*04,0.003107542,"hoz(""DPB1*01"")",,2digits,SRR14240730
642,DQA1,no,,no,,4digits,SRR14240730
643,DQB1,no,,no,,4digits,SRR14240730
644,DRB1,no,,DRB1*15:01,0.1825365,4digits,SRR14240730
645,DRA,no,,no,,4digits,SRR14240730
646,DPA1,no,,no,,4digits,SRR14240730
647,DPB1,no,,DPB1*02:01,0.9999939,4digits,SRR14240730
648,DQA1,DQA1*02,0.3596299,DQA1*06,0.42202,2digits,SRR14240744
649,DQB1,DQB1*02,,DQB1*03,,2digits,SRR14240744
650,DRB1,DRB1*07,0.007163122,DRB1*12,0.175613,2digits,SRR14240744
651,DRA,DRA*01,,"hoz(""DRA*01"")",,2digits,SRR14240744
652,DPA1,DPA1*01,0.07963572,"hoz(""DPA1*01"")",,2digits,SRR14240744
653,DPB1,DPB1*03,1.488739e-05,DPB1*02,4.475335e-05,2digits,SRR14240744
654,DQA1,no,,DQA1*01:01',,4digits,SRR14240744
655,DQB1,no,,DQB1*02:01',,4digits,SRR14240744
656,DRB1,no,,DRB1*03:01,0.259014,4digits,SRR14240744
657,DRA,no,,no,,4digits,SRR14240744
658,DPA1,no,,no,,4digits,SRR14240744
659,DPB1,no,,DPB1*04:01,0.00879934,4digits,SRR14240744
660,DQA1,DQA1*01,,DQA1*05,,2digits,SRR14240764
661,DQB1,DQB1*06,,DQB1*03,,2digits,SRR14240764
662,DRB1,DRB1*15,0.07413156,DRB1*13,0.3024774,2digits,SRR14240764
663,DRA,DRA*01,,"hoz(""DRA*01"")",,2digits,SRR14240764
664,DPA1,DPA1*01,0.003467007,"hoz(""DPA1*01"")",,2digits,SRR14240764
665,DPB1,DPB1*02,6.763315e-05,DPB1*04,0.9881276,2digits,SRR14240764
666,DQA1,no,,DQA1*01:02,0.42202,4digits,SRR14240764
667,DQB1,no,,DQB1*03:01',,4digits,SRR14240764
668,DRB1,no,,DRB1*12:01',0.1791677,4digits,SRR14240764
669,DRA,no,,no,,4digits,SRR14240764
670,DPA1,no,,no,,4digits,SRR14240764
671,DPB1,no,,DPB1*04:02,0.8977053,4digits,SRR14240764
672,DQA1,DQA1*02,2.56537e-05,DQA1*01,,2digits,SRR14240770
673,DQB1,DQB1*06,,DQB1*03,,2digits,SRR14240770
674,DRB1,DRB1*07,1.234688e-06,DRB1*15,0.2140934,2digits,SRR14240770
675,DRA,DRA*01,,"hoz(""DRA*01"")",,2digits,SRR14240770
676,DPA1,DPA1*01,0.1801749,"hoz(""DPA1*02"")",0.0574801,2digits,SRR14240770
677,DPB1,DPB1*04,0.1154435,DPB1*255,,2digits,SRR14240770
678,DQA1,no,,no,,4digits,SRR14240770
679,DQB1,no,,no,,4digits,SRR14240770
680,DRB1,no,,DRB1*03:17,,4digits,SRR14240770
681,DRA,no,,no,,4digits,SRR14240770
682,DPA1,no,,no,,4digits,SRR14240770
683,DPB1,no,,no,,4digits,SRR14240770
684,DQA1,DQA1*02,0.0004782915,DQA1*05,0.3368469,2digits,SRR14240798
685,DQB1,DQB1*02,,"hoz(""DQB1*02"")",,2digits,SRR14240798
686,DRB1,DRB1*07,7.868588e-05,DRB1*03,0.1205093,2digits,SRR14240798
687,DRA,DRA*01,,"hoz(""DRA*01"")",,2digits,SRR14240798
688,DPA1,DPA1*01,0.01074728,"hoz(""DPA1*01"")",,2digits,SRR14240798
689,DPB1,DPB1*02,2.335255e-06,DPB1*04,0.3635747,2digits,SRR14240798
690,DQA1,no,,DQA1*05:01',0.42202,4digits,SRR14240798
691,DQB1,no,,DQB1*02:01',,4digits,SRR14240798
692,DRB1,no,,DRB1*03:01,0.208348,4digits,SRR14240798
693,DRA,no,,no,,4digits,SRR14240798
694,DPA1,no,,no,,4digits,SRR14240798
695,DPB1,no,,no,,4digits,SRR14240798
696,DQA1,DQA1*01,,"hoz(""DQA1*01"")",,2digits,SRR14240750
697,DQB1,DQB1*06,0.004731185,DQB1*05,,2digits,SRR14240750
698,DRB1,DRB1*14,0.2559932,DRB1*15,0.1609487,2digits,SRR14240750
699,DRA,DRA*01,,"hoz(""DRA*01"")",,2digits,SRR14240750
700,DPA1,DPA1*01,0.2679866,"hoz(""DPA1*01"")",,2digits,SRR14240750
701,DPB1,DPB1*03,0.01970834,DPB1*04,0.06855103,2digits,SRR14240750
702,DQA1,no,,DQA1*01:01',0.3290631,4digits,SRR14240750
703,DQB1,no,,no,,4digits,SRR14240750
704,DRB1,no,,DRB1*15:01,0.143162,4digits,SRR14240750
705,DRA,no,,no,,4digits,SRR14240750
706,DPA1,no,,no,,4digits,SRR14240750
707,DPB1,no,,DPB1*11:01,0.0003137897,4digits,SRR14240750
708,DQA1,DQA1*01,,"hoz(""DQA1*01"")",,2digits,SRR14240731
709,DQB1,DQB1*06,0.0001483647,DQB1*05,,2digits,SRR14240731
710,DRB1,DRB1*13,0.1314128,DRB1*11,0.2031377,2digits,SRR14240731
711,DRA,DRA*01,,"hoz(""DRA*01"")",,2digits,SRR14240731
712,DPA1,DPA1*01,0.1307618,"hoz(""DPA1*02"")",0.0574801,2digits,SRR14240731
713,DPB1,DPB1*04,1.262719e-05,DPB1*17,1.156082e-05,2digits,SRR14240731
714,DQA1,no,,no,,4digits,SRR14240731
715,DQB1,no,,no,,4digits,SRR14240731
716,DRB1,no,,DRB1*13:01',0.1946114,4digits,SRR14240731
717,DRA,no,,no,,4digits,SRR14240731
718,DPA1,no,,no,,4digits,SRR14240731
719,DPB1,no,,DPB1*04:01,0.09222527,4digits,SRR14240731
720,DQA1,DQA1*03,0.0,DQA1*01,0.42202,2digits,SRR14240745
721,DQB1,DQB1*06,0.008409812,DQB1*03,,2digits,SRR14240745
722,DRB1,DRB1*04,8.426682e-07,DRB1*15,0.3069285,2digits,SRR14240745
723,DRA,DRA*01,,"hoz(""DRA*01"")",,2digits,SRR14240745
724,DPA1,DPA1*01,0.125508,"hoz(""DPA1*01"")",,2digits,SRR14240745
725,DPB1,DPB1*04,0.03269233,DPB1*523,,2digits,SRR14240745
726,DQA1,no,,DQA1*02:01,,4digits,SRR14240745
727,DQB1,no,,DQB1*03:02',0.3291414,4digits,SRR14240745
728,DRB1,no,,DRB1*07:01,0.243078,4digits,SRR14240745
729,DRA,no,,no,,4digits,SRR14240745
730,DPA1,no,,no,,4digits,SRR14240745
731,DPB1,no,,DPB1*17:01,1.473287e-05,4digits,SRR14240745
732,DQA1,DQA1*02,2.235334e-05,DQA1*01,0.42202,2digits,SRR14240765
733,DQB1,DQB1*06,0.0,DQB1*02,,2digits,SRR14240765
734,DRB1,DRB1*07,0.0001665715,DRB1*13,0.1442258,2digits,SRR14240765
735,DRA,DRA*01,,"hoz(""DRA*01"")",,2digits,SRR14240765
736,DPA1,DPA1*02,0.1027717,"hoz(""DPA1*01"")",0.0242008999999999,2digits,SRR14240765
737,DPB1,DPB1*11,0.0001125065,DPB1*02,0.003301576,2digits,SRR14240765
738,DQA1,no,,no,,4digits,SRR14240765
739,DQB1,no,,no,,4digits,SRR14240765
740,DRB1,no,,DRB1*08:02',0.3360672,4digits,SRR14240765
741,DRA,no,,no,,4digits,SRR14240765
742,DPA1,no,,no,,4digits,SRR14240765
743,DPB1,no,,DPB1*04:02,0.0804274,4digits,SRR14240765
744,DQA1,DQA1*03,,"hoz(""DQA1*01"")",,2digits,SRR14240771
745,DQB1,DQB1*03,0.0,"hoz(""DQB1*02"")",,2digits,SRR14240771
746,DRB1,DRB1*04,0.0,DRB1*14,,2digits,SRR14240771
747,DRA,DRA*01,,"hoz(""DRA*01"")",,2digits,SRR14240771
748,DPA1,DPA1*01,0.3613267,"hoz(""DPA1*02"")",0.0574801,2digits,SRR14240771
749,DPB1,DPB1*02,0.003144105,DPB1*14,0.01978763,2digits,SRR14240771
750,DQA1,no,,DQA1*05:01,0.2547051,4digits,SRR14240771
751,DQB1,no,,DQB1*03:01',,4digits,SRR14240771
752,DRB1,no,,DRB1*11:01',0.134445,4digits,SRR14240771
753,DRA,no,,no,,4digits,SRR14240771
754,DPA1,no,,no,,4digits,SRR14240771
755,DPB1,no,,DPB1*05:01,0.04457501,4digits,SRR14240771
756,DQA1,DQA1*01,,DQA1*05,,2digits,SRR14240751
757,DQB1,DQB1*05,,DQB1*03,,2digits,SRR14240751
758,DRB1,DRB1*10,0.02945411,DRB1*11,0.1266853,2digits,SRR14240751
759,DRA,DRA*01,,"hoz(""DRA*01"")",,2digits,SRR14240751
760,DPA1,DPA1*02,0.1822719,"hoz(""DPA1*01"")",0.1738452,2digits,SRR14240751
761,DPB1,DPB1*13,0.006725155,DPB1*04,0.008825376,2digits,SRR14240751
762,DQA1,no,,no,,4digits,SRR14240751
763,DQB1,no,,no,,4digits,SRR14240751
764,DRB1,no,,DRB1*15:01,0.4905119,4digits,SRR14240751
765,DRA,no,,no,,4digits,SRR14240751
766,DPA1,no,,no,,4digits,SRR14240751
767,DPB1,no,,no,,4digits,SRR14240751
768,DQA1,DQA1*01,,"hoz(""DQA1*01"")",,2digits,SRR14240791
769,DQB1,DQB1*06,,"hoz(""DQB1*02"")",,2digits,SRR14240791
770,DRB1,DRB1*15,2.158718e-05,DRB1*13,0.0,2digits,SRR14240791
771,DRA,DRA*01,,"hoz(""DRA*01"")",,2digits,SRR14240791
772,DPA1,DPA1*01,0.0,"hoz(""DPA1*01"")",,2digits,SRR14240791
773,DPB1,DPB1*02,0.001097754,"hoz(""DPB1*01"")",,2digits,SRR14240791
774,DQA1,no,,no,,4digits,SRR14240791
775,DQB1,no,,no,,4digits,SRR14240791
776,DRB1,no,,no,,4digits,SRR14240791
777,DRA,no,,no,,4digits,SRR14240791
778,DPA1,no,,no,,4digits,SRR14240791
779,DPB1,no,,no,,4digits,SRR14240791
780,DQA1,DQA1*01,1.100969e-05,DQA1*05,0.3441407,2digits,SRR14240759
781,DQB1,DQB1*06,,DQB1*03,,2digits,SRR14240759
782,DRB1,DRB1*13,3.748017e-07,"hoz(""DRB1*03"")",1.0,2digits,SRR14240759
783,DRA,DRA*01,,"hoz(""DRA*01"")",,2digits,SRR14240759
784,DPA1,DPA1*02,0.3106594,"hoz(""DPA1*01"")",,2digits,SRR14240759
785,DPB1,DPB1*01,0.0002215193,DPB1*131,0.0006694168,2digits,SRR14240759
786,DQA1,no,,DQA1*05:01,0.42202,4digits,SRR14240759
787,DQB1,no,,DQB1*03:01',,4digits,SRR14240759
788,DRB1,no,,DRB1*11:01,0.106751,4digits,SRR14240759
789,DRA,no,,no,,4digits,SRR14240759
790,DPA1,no,,no,,4digits,SRR14240759
791,DPB1,no,,DPB1*04:01,0.01557551,4digits,SRR14240759
792,DQA1,DQA1*02,0.0,DQA1*05,,2digits,SRR14240779
793,DQB1,DQB1*02,,DQB1*03,,2digits,SRR14240779
794,DRB1,DRB1*07,0.01321604,DRB1*11,0.1392993,2digits,SRR14240779
795,DRA,DRA*01,,"hoz(""DRA*01"")",,2digits,SRR14240779
796,DPA1,DPA1*02,0.007053043,"hoz(""DPA1*01"")",,2digits,SRR14240779
797,DPB1,DPB1*01,0.001396301,"hoz(""DPB1*01"")",,2digits,SRR14240779
798,DQA1,no,,DQA1*05:01',,4digits,SRR14240779
799,DQB1,no,,DQB1*02:01',,4digits,SRR14240779
800,DRB1,no,,DRB1*03:01,0.263003,4digits,SRR14240779
801,DRA,no,,no,,4digits,SRR14240779
802,DPA1,no,,no,,4digits,SRR14240779
803,DPB1,no,,no,,4digits,SRR14240779
804,DQA1,DQA1*02,,"hoz(""DQA1*01"")",,2digits,SRR14240785
805,DQB1,DQB1*03,,DQB1*02,,2digits,SRR14240785
806,DRB1,DRB1*07,,DRB1*14,,2digits,SRR14240785
807,DRA,DRA*01,,"hoz(""DRA*01"")",,2digits,SRR14240785
808,DPA1,DPA1*01,0.004100225,"hoz(""DPA1*01"")",,2digits,SRR14240785
809,DPB1,DPB1*02,2.841192e-06,DPB1*04,0.1602848,2digits,SRR14240785
810,DQA1,no,,DQA1*05:01,0.42202,4digits,SRR14240785
811,DQB1,no,,DQB1*03:01,,4digits,SRR14240785
812,DRB1,no,,DRB1*11:02',0.2893945,4digits,SRR14240785
813,DRA,no,,no,,4digits,SRR14240785
814,DPA1,no,,no,,4digits,SRR14240785
815,DPB1,no,,DPB1*05:01,0.1371591,4digits,SRR14240785
816,DQA1,DQA1*01,,"hoz(""DQA1*01"")",,2digits,SRR14240739
817,DQB1,DQB1*06,,DQB1*05,,2digits,SRR14240739
818,DRB1,DRB1*14,0.1983575,DRB1*15,0.2637082,2digits,SRR14240739
819,DRA,DRA*01,,"hoz(""DRA*01"")",,2digits,SRR14240739
820,DPA1,DPA1*01,0.0135212,"hoz(""DPA1*01"")",,2digits,SRR14240739
821,DPB1,DPB1*15,9.512459e-05,DPB1*02,0.0008544676,2digits,SRR14240739
822,DQA1,no,,DQA1*05:01,0.42202,4digits,SRR14240739
823,DQB1,no,,DQB1*03:02',,4digits,SRR14240739
824,DRB1,no,,DRB1*15:01,0.144895,4digits,SRR14240739
825,DRA,no,,no,,4digits,SRR14240739
826,DPA1,no,,no,,4digits,SRR14240739
827,DPB1,no,,DPB1*02:01,0.999906,4digits,SRR14240739
